# © colaboradores de OpenStreetMap, ODbL (https://www.openstreetmap.org/copyright). Generado con codigo/scripts/generar_cabeceras.py
canton_code,seat_name,lon,lat,osm_id,method
0101,Cuenca,-79.004173,-2.897407,node/9911249241,name
0102,Girón,-79.146340,-3.161177,node/249423892,name
0103,Gualaceo,-78.778991,-2.889807,node/2135511011,name
0104,Nabón,-79.065834,-3.338551,node/249596828,name
0105,Paute,-78.761497,-2.779504,node/249596495,name
0106,Pucará,-79.468397,-3.218447,node/249597737,name
0107,San Fernando,-79.252308,-3.147001,node/249599157,name
0108,Santa Isabel,-79.315161,-3.274175,node/249598701,name
0109,Sígsig,-78.793592,-3.052588,node/249599935,name
0110,San Felipe de Oña,-79.154306,-3.469817,node/249596397,rank
0111,Chordeleg,-78.776137,-2.922260,node/249422742,name
0112,El Pan,-78.668722,-2.789305,node/249423305,name
0113,Sevilla de Oro,-78.655665,-2.799684,node/249599680,name
0114,Guachapala,-78.713120,-2.772588,node/249423740,name
0115,Camilo Ponce Enríquez,-79.746190,-3.061941,node/4316622331,name
0201,Guaranda,-79.001561,-1.592290,node/249424122,name
0202,Chillanes,-79.066069,-1.943271,node/249422669,name
0203,San José de Chimbo,-79.025755,-1.683383,node/8075064862,rank
0204,Manuel de Echeandía,-79.279740,-1.431988,node/3627479297,name
0205,San Miguel,-79.042170,-1.708259,node/249598185,name
0206,Caluma,-79.260172,-1.632801,node/5067842676,name
0207,Las Naves,-79.316968,-1.286749,node/249429561,name
0301,Azogues,-78.846719,-2.738049,node/249420953,name
0302,Biblián,-78.890836,-2.710169,node/249421839,name
0303,Cañar,-78.938020,-2.559434,node/249422111,name
0304,La Troncal,-79.341673,-2.424610,node/249429514,name
0305,El Tambo,-78.926986,-2.510072,node/249423646,name
0306,Deleg,-78.919169,-2.773451,node/3016793408,name
0307,Suscal,-79.051695,-2.437260,node/249599863,name
0401,Tulcán,-77.717215,0.811571,node/249599402,name
0402,Bolívar,-77.905132,0.502123,node/249421875,name
0403,El Ángel,-77.939630,0.621200,node/249423277,rank
0404,Mira,-78.040712,0.548816,node/249596778,name
0405,San Gabriel,-77.835319,0.598485,node/2882825927,rank
0406,San Pedro de Huaca,-77.724791,0.634136,node/249426840,name
0501,Latacunga,-78.614576,-0.934031,node/249429504,name
0502,La Maná,-79.224360,-0.940857,node/249429782,name
0503,El Corazón,-79.081397,-1.136593,node/249423186,rank
0504,Pujilí,-78.695592,-0.956139,node/249596993,name
0505,San Miguel de Salcedo,-78.591272,-1.043384,node/431622378,alias
0506,Saquisilí,-78.666401,-0.838690,node/249599637,name
0507,Sigchos,-78.888950,-0.704466,node/249599941,name
0601,Riobamba,-78.648248,-1.673277,node/249597119,name
0602,San Pedro de Alausí,-78.845358,-2.205137,node/249420640,rank
0603,Villa La Unión,-78.773049,-1.701550,node/249422085,alias
0604,Chambo,-78.595110,-1.732066,node/249422551,name
0605,Chunchi,-78.919825,-2.289735,node/249422714,name
0606,Guamote,-78.711090,-1.933817,node/3390412558,name
0607,Guano,-78.644782,-1.607817,node/249424138,name
0608,Pallatanga,-78.965580,-1.998398,node/249596466,name
0609,Penipe,-78.531577,-1.566007,node/249596638,name
0610,Cumandá,-79.135844,-2.204980,node/249421952,name
0701,Machala,-79.958852,-3.258856,node/760725882,name
0702,Arenillas,-80.069718,-3.557711,node/10018067070,name
0703,Paccha,-79.663613,-3.590625,node/249596355,rank
0704,Balsas,-79.823650,-3.761297,node/2958794835,name
0705,Chilla,-79.580995,-3.458432,node/3813310880,name
0706,El Guabo,-79.829671,-3.241349,node/3214357536,name
0707,Huaquillas,-80.225546,-3.474716,node/249426701,name
0708,Marcabelí,-79.911366,-3.784455,node/249429923,name
0709,Pasaje,-79.807547,-3.327640,node/4930639815,name
0710,Piñas,-79.682525,-3.680525,node/315817471,name
0711,Portovelo,-79.617204,-3.715227,node/5738045771,name
0712,Santa Rosa,-79.960197,-3.450323,node/249599719,name
0713,Zaruma,-79.610422,-3.692969,node/249600553,name
0714,La Victoria,-80.063602,-3.784895,node/249429579,name
0801,Esmeraldas,-79.652385,0.966815,node/249423578,name
0802,La Tola,-79.041080,1.208850,node/249429511,alias
0803,Muisne,-80.018596,0.610424,node/249600183,name
0804,Quinindé,-79.472642,0.328723,node/249597187,name
0805,San Lorenzo,-78.836950,1.288339,node/249598523,name
0806,Atacames,-79.848646,0.868879,node/249420894,name
0807,Río Verde,-79.413858,1.074022,node/8230221920,alias
0901,Guayaquil,-79.886867,-2.190057,node/249424015,name
0902,Alfredo Baquerizo Moreno,-79.555226,-1.891328,node/249420668,name
0903,Balao,-79.816537,-2.911196,node/249597771,name
0904,Balzar,-79.904102,-1.364197,node/249420979,name
0905,Colimes,-80.010547,-1.545648,node/249422842,name
0906,Daule,-79.980409,-1.864169,node/5397219762,name
0907,Durán,-79.834065,-2.168855,node/249423310,name
0908,El Empalme,-79.638672,-1.042795,node/249600570,name
0909,El Triunfo,-79.402636,-2.331671,node/3898548826,name
0910,Milagro,-79.593501,-2.128914,node/249596683,name
0911,Naranjal,-79.617469,-2.674212,node/249596918,name
0912,Naranjito,-79.463098,-2.168540,node/3003981525,name
0913,Palestina,-79.980739,-1.629117,node/3406156991,name
0914,Pedro Carbo,-80.235416,-1.817027,node/249596649,name
0916,Samborondón,-79.723803,-1.961256,node/9837252280,name
0918,Santa Lucía,-79.984942,-1.716271,node/249598696,name
0919,Salitre,-79.818732,-1.828921,node/249598902,name
0920,San Jacinto de Yaguachi,-79.695114,-2.096373,node/249600663,name
0921,Playas,-80.391393,-2.635640,node/249597537,name
0922,Simón Bolívar,-79.485631,-2.001911,node/249599977,name
0923,Coronel Marcelino Maridueña,-79.441365,-2.212747,node/249422969,name
0924,Lomas de Sargentillo,-80.081460,-1.880820,node/249596246,name
0925,Nobol,-80.011701,-1.915590,node/249596888,name
0927,Bucay,-79.137633,-2.200437,node/5036380330,name
0928,Isidro Ayora,-80.146310,-1.879675,node/249429433,name
1001,Ibarra,-78.119972,0.352046,node/662694079,name
1002,Atuntaqui,-78.218445,0.331680,node/3827897757,alias
1003,Cotacachi,-78.265478,0.297763,node/249422942,name
1004,Otavalo,-78.262084,0.229533,node/249596377,name
1005,Pimampiro,-77.940274,0.393298,node/1832500248,name
1006,Urcuquí,-78.194116,0.417372,node/421444888,alias
1101,Loja,-79.201666,-3.996845,node/4729574707,name
1102,Cariamanga,-79.555953,-4.326038,node/1886192024,rank
1103,Catamayo,-79.357477,-3.986740,node/249422452,name
1104,Celica,-79.955934,-4.103044,node/249422382,name
1105,Chaguarpamba,-79.644661,-3.876542,node/249422560,name
1106,Amaluza,-79.426870,-4.581363,node/249420725,alias
1107,Gonzanamá,-79.436564,-4.230273,node/249423752,name
1108,Macará,-79.943195,-4.379570,node/4941304087,name
1109,Catacocha,-79.649758,-4.050315,node/249422447,rank
1110,Alamor,-80.019728,-4.018168,node/2202623207,rank
1111,Saraguro,-79.238488,-3.622472,node/249599657,name
1112,Sozoranga,-79.790282,-4.326867,node/249599831,name
1113,Zapotillo,-80.243893,-4.387750,node/249600323,name
1114,Pindal,-80.107972,-4.115096,node/249597475,name
1115,Quilanga,-79.401265,-4.297155,node/249597065,name
1116,Olmedo,-79.646851,-3.934579,node/249596400,name
1201,Babahoyo,-79.533821,-1.800902,node/249420949,name
1202,Baba,-79.679318,-1.783099,node/249420950,name
1203,Juan Montalvo,-79.289217,-1.785452,node/249596752,rank
1204,Puebloviejo,-79.532994,-1.551415,node/249597760,name
1205,Quevedo,-79.466351,-1.024337,node/249597057,name
1206,Catarama,-79.475020,-1.569220,node/249422466,rank
1207,Ventanas,-79.460851,-1.442024,node/249600577,name
1208,Vinces,-79.750924,-1.558410,node/249600842,name
1209,Palenque,-79.755421,-1.437461,node/249596345,name
1210,San Jacinto de Buena Fe,-79.491341,-0.896637,node/249421944,rank
1211,Valencia,-79.352208,-0.952795,node/249600641,name
1212,Mocache,-79.505223,-1.187202,node/249600598,name
1213,Quinsaloma,-79.314331,-1.206571,node/422494490,name
1301,Portoviejo,-80.453413,-1.052820,node/249597621,name
1302,Calceta,-80.164038,-0.848093,node/249422069,rank
1303,Chone,-80.094451,-0.699091,node/249422778,name
1304,El Carmen,-79.461569,-0.272769,node/249423137,name
1305,Flavio Alfaro,-79.904906,-0.404611,node/249423604,name
1306,Jipijapa,-80.579195,-1.348296,node/249429318,name
1307,Junín,-80.205565,-0.926130,node/249429395,name
1308,Manta,-80.719082,-0.948644,node/2163462352,name
1309,Montecristi,-80.660683,-1.050407,node/249596849,name
1310,Paján,-80.427689,-1.556756,node/249596340,name
1311,Pichincha,-79.819294,-1.049930,node/249596616,name
1312,Rocafuerte,-80.450016,-0.924271,node/249597163,name
1313,Santa Ana,-80.371781,-1.207609,node/6673006733,name
1314,Bahía de Caráquez,-80.423572,-0.599965,node/249420968,rank
1315,Tosagua,-80.233822,-0.785013,node/249599612,name
1316,Sucre,-80.419054,-1.279781,node/249599836,alias
1317,Pedernales,-80.054678,0.070158,node/249596485,name
1318,Olmedo,-80.211643,-1.395097,node/2383720318,name
1319,Puerto López,-80.811266,-1.559055,node/249597857,name
1320,Jama,-80.263196,-0.202568,node/2137433353,name
1321,Jaramijó,-80.637993,-0.945048,node/249429443,name
1322,San Vicente,-80.408462,-0.589628,node/249599749,name
1401,Macas,-78.117547,-2.304625,node/249596111,alias
1402,Gualaquiza,-78.581174,-3.401477,node/249423766,name
1403,Limón Indanza,-78.430813,-2.966314,node/249423933,name
1404,Palora,-77.967527,-1.698145,node/249596424,name
1405,Santiago de Méndez,-78.322737,-2.715709,node/249596666,rank
1406,Sucúa,-78.172738,-2.456011,node/2639248363,name
1407,Huamboya,-77.990421,-1.946440,node/5200149728,name
1408,San Juan Bosco,-78.530016,-3.118336,node/249598593,name
1409,Taisha,-77.508746,-2.381238,node/4955027345,name
1410,Logroño,-78.199630,-2.625990,node/249596250,name
1411,Pablo VI,-78.026903,-1.926924,node/422557958,rank
1412,Santiago,-78.006964,-3.048945,node/249600028,alias
1501,Tena,-77.816338,-0.991618,node/249599176,name
1503,Archidona,-77.807053,-0.908968,node/249420864,name
1504,El Chaco,-77.809851,-0.338664,node/249423161,name
1507,Baeza,-77.889924,-0.463398,node/249420939,rank
1509,Arosemena Tola,-77.855296,-1.167830,node/249422327,rank
1601,Puyo,-77.996967,-1.485478,node/249597016,alias
1602,Mera,-78.113393,-1.461226,node/315827455,name
1603,Santa Clara,-77.886686,-1.263634,node/249598708,name
1604,Arajuno,-77.687280,-1.232330,node/6488373385,name
1701,Quito,-78.512327,-0.220164,node/58950371,name
1702,Cayambe,-78.142954,0.041064,node/58946025,name
1703,Machachi,-78.566102,-0.512217,node/249596113,rank
1704,Tabacundo,-78.221644,0.048201,node/249599866,rank
1705,Sangolqui,-78.448348,-0.328882,node/306232992,rank
1707,San Miguel de los Bancos,-78.895002,0.023128,node/249597923,name
1708,Pedro Vicente Maldonado,-79.052577,0.086496,node/249596647,name
1709,Puerto Quito,-79.255447,0.122858,node/249597862,name
1801,Ambato,-78.628759,-1.242241,node/249420749,name
1802,Baños,-78.423406,-1.397961,node/5569833838,name
1803,Cevallos,-78.616399,-1.354939,node/249422408,name
1804,Mocha,-78.661542,-1.419100,node/249596730,name
1805,Patate,-78.506700,-1.312161,node/249596503,name
1806,Quero,-78.608559,-1.379667,node/249597061,name
1807,Pelileo,-78.545580,-1.329559,node/249596644,rank
1808,Píllaro,-78.542318,-1.172530,node/249597442,rank
1809,Tisaleo,-78.669304,-1.348900,node/249599573,name
1901,Zamora,-78.956561,-4.066932,node/249600332,name
1902,Zumba,-79.130765,-4.863263,node/4420348811,rank
1903,Guayzimi,-78.682264,-4.046271,node/249424025,rank
1904,28 de Mayo (Yacuambi),-78.926293,-3.635213,node/249600617,rank
1905,Yantzaza,-78.760834,-3.829766,node/249600405,name
1906,El Pangui,-78.586944,-3.625000,node/249423303,name
1907,Zumbi,-78.780559,-3.894182,node/249600498,alias
1908,Palanda,-79.131859,-4.649828,node/249596342,name
1909,Paquisha,-78.675772,-3.933681,node/249596558,name
2001,Puerto Baquerizo Moreno,-89.610191,-0.902599,node/249597775,rank
2002,Puerto Villamil,-90.965587,-0.956111,node/249596997,rank
2003,Puerto Ayora,-90.313420,-0.747167,node/249597793,rank
2101,Nueva Loja,-76.883493,0.085059,node/249429156,name
2102,Lumbaquí,-77.329042,0.047597,node/249596175,alias
2103,Puerto El Carmen de Putumayo,-75.865008,0.116852,node/249597802,rank
2104,Shushufindi,-76.644915,-0.185547,node/249599931,alias
2105,La Bonita,-77.544959,0.472786,node/13137100255,alias
2106,El Dorado de Cascales,-77.211320,0.078104,node/249423408,rank
2107,Tarapoa,-76.341869,-0.126629,node/249599198,alias
2201,Puerto Francisco de Orellana,-76.983722,-0.472180,node/4488671145,alias
2202,Tiputini,-75.529155,-0.789234,node/249599568,alias
2203,Joya de los Sachas,-76.857335,-0.299587,node/249429816,rank
2204,Loreto,-77.310358,-0.689254,node/249596195,name
2301,Santo Domingo de los Tsáchilas,-79.168672,-0.254621,node/249599781,name
2302,La Concordia,-79.395553,0.007480,node/249429310,name
2401,Santa Elena,-80.857694,-2.227010,node/249598712,name
2402,La Libertad,-80.908746,-2.220678,node/7649567236,name
2403,Salinas,-80.954256,-2.214980,way/360927309,alias
